site,year,month,date,temp,Rg,precip
US.Bar,2004,1,2004-01,-12.35128817,73.20447956,16.36
US.Bar,2004,2,2004-02,-4.117865251,106.8005047,38.65
US.Bar,2004,3,2004-03,0.34186961,128.7304667,35.76
US.Bar,2004,4,2004-04,6.629699938,176.4269801,140.24
US.Bar,2004,5,2004-05,13.16608185,210.8720595,144.64
US.Bar,2004,6,2004-06,16.32135847,250.112209,66.01
US.Bar,2004,7,2004-07,19.05724906,209.9263836,125.75
US.Bar,2004,8,2004-08,18.91453246,206.1404897,186.04
US.Bar,2004,9,2004-09,15.45669486,173.1440965,98.72
US.Bar,2004,10,2004-10,8.323666337,117.1866569,53.26
US.Bar,2004,11,2004-11,2.379746931,68.86104435,141.74
US.Bar,2004,12,2004-12,-4.514982056,40.98581279,146.88
US.Bar,2005,1,2005-01,-7.862299301,56.05012538,68
US.Bar,2005,2,2005-02,-3.936558192,99.94633372,87.99
US.Bar,2005,3,2005-03,-1.623996465,150.4025215,102.88
US.Bar,2005,4,2005-04,7.195866549,188.7025023,214.2
US.Bar,2005,5,2005-05,9.590518871,162.7338861,221.77
US.Bar,2005,6,2005-06,19.41208799,225.6334007,113.82
US.Bar,2005,7,2005-07,20.81773185,253.5218662,112.74
US.Bar,2005,8,2005-08,19.85662278,214.0590846,119.35
US.Bar,2005,9,2005-09,16.80647354,172.8342269,123.33
US.Bar,2005,10,2005-10,9.849558132,94.74960887,340.53
US.Bar,2005,11,2005-11,2.916543854,59.70084626,160.89
US.Bar,2005,12,2005-12,-3.885985282,45.85229951,140.31
US.Bar,2006,1,2006-01,-2.077304368,51.8055657,142.49
US.Bar,2006,2,2006-02,-5.065239539,85.09801775,86.04
US.Bar,2006,3,2006-03,-0.051769039,153.0475659,41.17
US.Bar,2006,4,2006-04,7.793667722,192.9102773,82.75
US.Bar,2006,5,2006-05,12.58567774,172.8824093,238.07
US.Bar,2006,6,2006-06,17.89166472,184.0706993,229.12
US.Bar,2006,7,2006-07,21.78083737,258.4233493,167.65
US.Bar,2006,8,2006-08,18.01120491,214.4584686,84.36
US.Bar,2006,9,2006-09,14.16136778,158.5288843,65.18
US.Bar,2006,10,2006-10,8.178003159,103.7416022,265.44
US.Bar,2006,11,2006-11,5.441239889,64.5911504,130.38
US.Bar,2006,12,2006-12,0.221206257,47.15113332,104.65
US.Bar,2007,1,2007-01,-5.476182312,59.69276808,81.97
US.Bar,2007,2,2007-02,-8.278581272,105.1678027,56.07
US.Bar,2007,3,2007-03,-0.631529704,145.2726713,100.5
US.Bar,2007,4,2007-04,4.690169097,145.5392423,226.96
US.Bar,2007,5,2007-05,13.47475538,237.0487092,95.5
US.Bar,2007,6,2007-06,17.53050014,241.5121729,82.85
US.Bar,2007,7,2007-07,18.87067648,224.436013,102.74
US.Bar,2007,8,2007-08,18.95848185,222.8573552,76.64
US.Bar,2007,9,2007-09,15.92167681,190.634678,68.15
US.Bar,2007,10,2007-10,11.11413937,110.5478854,129
US.Bar,2007,11,2007-11,1.056955993,64.89858089,143.88
US.Bar,2007,12,2007-12,-4.911147628,33.71344838,155.02
US.Bar,2008,1,2008-01,-4.104507675,56.8211563,84.45
US.Bar,2008,2,2008-02,-4.733037378,74.99685502,229.22
US.Bar,2008,3,2008-03,-1.610463185,130.8455895,140.44
US.Bar,2008,4,2008-04,7.100353451,204.6429107,121.32
US.Bar,2008,5,2008-05,11.94669075,235.2923433,29.7
US.Bar,2008,6,2008-06,17.93846854,212.2101813,154.39
US.Bar,2008,7,2008-07,20.07690188,223.2768858,157.32
US.Bar,2008,8,2008-08,17.58125551,202.352391,191.32
US.Bar,2008,9,2008-09,14.96411803,162.5717,163.25
US.Bar,2008,10,2008-10,8.373638374,114.427355,106.68
US.Bar,2008,11,2008-11,2.180468542,66.96783502,163.8
US.Bar,2008,12,2008-12,-4.147492204,36.13116247,186.55
US.Bar,2009,1,2009-01,-9.228467675,56.29192185,80.69
US.Bar,2009,2,2009-02,-4.814787597,85.55007625,98.68
US.Bar,2009,3,2009-03,-0.243886028,154.7885446,79.69
US.Bar,2009,4,2009-04,7.505801194,194.562723,97.92
US.Bar,2009,5,2009-05,12.4087045,193.5312391,128.32
US.Bar,2009,6,2009-06,15.75062542,189.6877548,191.76
US.Bar,2009,7,2009-07,17.57631196,197.1023379,201.84
US.Bar,2009,8,2009-08,19.56753824,221.1438162,139.79
US.Bar,2009,9,2009-09,13.9031881,187.6598442,35.5
US.Bar,2009,10,2009-10,6.564819993,90.45411953,163.28
US.Bar,2009,11,2009-11,5.134823556,72.26962106,135.34
US.Bar,2009,12,2009-12,-4.090639052,45.34304256,148.33
US.Bar,2010,1,2010-01,-4.494382668,52.90870686,122
US.Bar,2010,2,2010-02,-3.257038876,91.14075811,123.59
US.Bar,2010,3,2010-03,3.739464657,130.0690558,224.52
US.Bar,2010,4,2010-04,9.080538667,182.1061901,101.59
US.Bar,2010,5,2010-05,14.90965161,244.9539725,61.37
US.Bar,2010,6,2010-06,17.55846951,209.0986295,135.2
US.Bar,2010,7,2010-07,21.51417728,251.8212315,120.52
US.Bar,2010,8,2010-08,19.42195813,210.0383128,83.01
US.Bar,2010,9,2010-09,15.84510938,146.7732671,86.82
US.Bar,2010,10,2010-10,8.300325013,105.8430945,217.4
US.Bar,2010,11,2010-11,2.703905458,63.27898548,123.78
US.Bar,2010,12,2010-12,-3.83988246,42.26121656,180.98
US.Bar,2011,1,2011-01,-7.026368878,56.25347299,67
US.Bar,2011,2,2011-02,-5.475949345,86.16241426,85.82
US.Bar,2011,3,2011-03,-0.78415672,132.9677486,170.54
US.Bar,2011,4,2011-04,5.870929813,163.7868802,187.96
US.Bar,2011,5,2011-05,13.39207641,169.3580904,118.81
US.Bar,2011,6,2011-06,17.01394708,216.1259388,94.34
US.Bar,2011,7,2011-07,21.4011297,258.8435178,35.57
US.Bar,2011,8,2011-08,18.90388253,196.0652985,304.69
US.Bar,2011,9,2011-09,16.19162174,165.3695559,129.25
US.Bar,2011,10,2011-10,9.917232796,90.23357344,178.19
US.Bar,2011,11,2011-11,5.580193792,72.68335377,123.26
US.Bar,2011,12,2011-12,-1.402048636,48.45967086,120.36
US.Bar,2012,1,2012-01,-4.941385585,52.12916801,106.06
US.Bar,2012,2,2012-02,-2.311049986,91.74877826,32.93
US.Bar,2012,3,2012-03,3.975238145,137.8838637,62.87
US.Bar,2012,4,2012-04,7.807984951,202.6270909,108.94
US.Bar,2012,5,2012-05,14.13028172,201.5235769,193.77
US.Bar,2012,6,2012-06,17.13570743,239.8796188,190.48
US.Bar,2012,7,2012-07,20.84295504,266.1733559,57.03
US.Bar,2012,8,2012-08,20.24722735,215.0523815,184.14
US.Bar,2012,9,2012-09,14.0328634,173.2326388,145.54
US.Bar,2012,10,2012-10,10.4133205,91.22903539,192.55
US.Bar,2012,11,2012-11,1.46553309,78.00838211,16.66
US.Bar,2012,12,2012-12,-1.634064805,42.16262846,187.43
US.Bar,2013,1,2013-01,-5.864926774,59.08222459,60.16
US.Bar,2013,2,2013-02,-4.769245,71.5552004,94.46
US.Bar,2013,3,2013-03,0.255094866,128.4296633,100.5
US.Bar,2013,4,2013-04,5.788852035,198.9055349,59.11
US.Bar,2013,5,2013-05,13.07686725,229.4985486,134.04
US.Bar,2013,6,2013-06,17.38038514,216.3435249,157.3
US.Bar,2013,7,2013-07,21.34947601,221.6736686,176.6
US.Bar,2013,8,2013-08,18.55818723,221.4989196,97.74
US.Bar,2013,9,2013-09,14.42245042,171.5233983,135.64
US.Bar,2013,10,2013-10,9.399430759,99.55097571,40.62
US.Bar,2013,11,2013-11,0.639200021,71.11879067,145.16
US.Bar,2013,12,2013-12,-4.975927547,34.77307591,98.42
US.Bar,2014,1,2014-01,-7.729859792,58.76794323,124.36
US.Bar,2014,2,2014-02,-6.013424851,78.24046822,101.54
US.Bar,2014,3,2014-03,-4.465980363,121.1102518,123.28
US.Bar,2014,4,2014-04,5.728409903,178.059417,89.27
US.Bar,2014,5,2014-05,12.42000591,191.1065461,147.16
US.Bar,2014,6,2014-06,17.74154014,234.7884204,142.1
US.Bar,2014,7,2014-07,20.18533266,231.7427177,175.67
US.Bar,2014,8,2014-08,18.39305591,208.4456112,79.37
US.Bar,2014,9,2014-09,14.60517344,183.6127512,28.88
US.Bar,2014,10,2014-10,10.08177196,89.72242972,179.36
US.Bar,2014,11,2014-11,1.301768231,48.19979716,95.38
US.Bar,2014,12,2014-12,-1.773465361,44.49743107,166.39
US.Bar,2015,1,2015-01,-8.580113206,57.97236191,106.06
US.Bar,2015,2,2015-02,-11.83452212,85.04335938,57.65
US.Bar,2015,3,2015-03,-2.835718905,140.2738066,40.15
US.Bar,2015,4,2015-04,5.488511375,171.965933,111.78
US.Bar,2015,5,2015-05,15.59057312,231.5842888,44.21
US.Bar,2015,6,2015-06,16.04239757,226.4043767,186.71
US.Bar,2015,7,2015-07,19.5094621,234.4447044,101.29
US.Bar,2015,8,2015-08,19.78596505,216.2847159,69.14
US.Bar,2015,9,2015-09,17.63186618,185.7281937,114.37
US.Bar,2015,10,2015-10,7.554800195,122.2795743,150.64
US.Bar,2015,11,2015-11,4.798332056,74.34989914,66.78
US.Bar,2015,12,2015-12,2.010284946,41.17990031,152.75
US.Bar,2016,1,2016-01,-4.21345795,55.3505272,75.15
US.Bar,2016,2,2016-02,-3.6472462,81.48741632,161.06
US.Bar,2016,3,2016-03,1.508600524,131.5452747,103.96
US.Bar,2016,4,2016-04,4.940899153,204.9383024,88.15
US.Bar,2016,5,2016-05,13.46929775,209.880369,73.24
US.Bar,2016,6,2016-06,17.21880222,264.2096769,98.52
US.Bar,2016,7,2016-07,20.33293891,250.8229014,108.5
US.Bar,2016,8,2016-08,20.29166263,218.3226469,89.36
US.Bar,2016,9,2016-09,16.1159034,185.8245572,30.23
US.Bar,2016,10,2016-10,8.850363226,101.2461426,121.71
US.Bar,2016,11,2016-11,3.839704361,65.58891425,100.53
US.Bar,2016,12,2016-12,-3.846957332,45.93115665,132.12
US.Bar,2017,1,2017-01,-3.140433239,56.74553642,95.83
US.Bar,2017,2,2017-02,-2.336935722,76.67377062,107.77
US.Bar,2017,3,2017-03,-3.773610853,129.3332672,95.22
US.Bar,2017,4,2017-04,7.624046993,156.9867548,141.66
US.Bar,2017,5,2017-05,11.39740184,172.0605445,194.23
US.Bar,2017,6,2017-06,17.56221431,226.6857018,139.77
US.Bar,2017,7,2017-07,19.43017581,245.8814565,146.28
US.Bar,2017,8,2017-08,17.82203864,211.6429406,93.41
US.Bar,2017,9,2017-09,17.23689417,168.2369602,74.4
US.Bar,2017,10,2017-10,12.87057319,118.194748,278
US.Bar,2017,11,2017-11,1.105274278,59.58726452,70.44
US.Bar,2017,12,2017-12,-6.475347836,43.74764081,131.88
US.Ha1,1992,1,1992-01,-4.117607527,74.91447581,51.54
US.Ha1,1992,2,1992-02,-3.524281609,81.02784483,55.04
US.Ha1,1992,3,1992-03,-0.827419355,148.7890457,108.5
US.Ha1,1992,4,1992-04,4.702777778,166.757,77.44
US.Ha1,1992,5,1992-05,12.01895161,217.685578,57.75
US.Ha1,1992,6,1992-06,16.66180556,237.6694444,121.64
US.Ha1,1992,7,1992-07,19.88064516,206.2723253,84.55
US.Ha1,1992,8,1992-08,20.6891129,188.7431048,151.23
US.Ha1,1992,9,1992-09,16.90416667,139.4558611,67.84
US.Ha1,1992,10,1992-10,9.162768817,106.8470699,69.27
US.Ha1,1992,11,1992-11,3.69875,70.92644444,134.85
US.Ha1,1992,12,1992-12,-1.411155914,53.24138441,89.09
US.Ha1,1993,1,1993-01,-3.610752688,63.63135753,66.11
US.Ha1,1993,2,1993-02,-7.092857143,107.9197619,62.79
US.Ha1,1993,3,1993-03,-0.188575269,128.4798118,155.54
US.Ha1,1993,4,1993-04,7.31625,160.7544861,100.75
US.Ha1,1993,5,1993-05,13.2936828,214.5014651,30.04
US.Ha1,1993,6,1993-06,17.11,226.9807222,85.68
US.Ha1,1993,7,1993-07,19.80577957,232.0748387,68
US.Ha1,1993,8,1993-08,19.5297043,201.3259543,97.54
US.Ha1,1993,9,1993-09,14.68736111,138.982625,133.82
US.Ha1,1993,10,1993-10,7.614650538,109.0725,102.26
US.Ha1,1993,11,1993-11,3.506805556,73.06819444,117.02
US.Ha1,1993,12,1993-12,-2.161290323,55.37189516,106.92
US.Ha1,1994,1,1994-01,-9.920698925,62.49483871,137.72
US.Ha1,1994,2,1994-02,-6.480952381,98.80096726,55.92
US.Ha1,1994,3,1994-03,0.246236559,149.7716532,132.43
US.Ha1,1994,4,1994-04,7.574166667,170.4926389,98.75
US.Ha1,1994,5,1994-05,11.60846774,195.9147849,106.03
US.Ha1,1994,6,1994-06,18.42819444,202.8839861,78.75
US.Ha1,1994,7,1994-07,20.93319892,209.5590591,166.9
US.Ha1,1994,8,1994-08,17.8188172,167.5697043,150.09
US.Ha1,1994,9,1994-09,14.18305556,142.5696389,64.37
US.Ha1,1994,10,1994-10,9.253897849,115.1251344,25.98
US.Ha1,1994,11,1994-11,5.335833333,75.13911111,86.25
US.Ha1,1994,12,1994-12,0.056317204,61.28590054,113.58
US.Ha1,1995,1,1995-01,-2.094758065,50.15333333,90.43
US.Ha1,1995,2,1995-02,-5.699255952,103.3138393,51.03
US.Ha1,1995,3,1995-03,1.711155914,120.8864919,50.18
US.Ha1,1995,4,1995-04,4.90125,168.1451389,46.62
US.Ha1,1995,5,1995-05,12.25040323,194.4912366,72.54
US.Ha1,1995,6,1995-06,17.94125,214.9869722,63.28
US.Ha1,1995,7,1995-07,20.27674731,209.3072446,71.56
US.Ha1,1995,8,1995-08,19.42620968,224.8347043,55.42
US.Ha1,1995,9,1995-09,13.66486111,152.4220278,72.78
US.Ha1,1995,10,1995-10,11.35215054,110.7084005,269.24
US.Ha1,1995,11,1995-11,1.08,54.70601389,126.12
US.Ha1,1995,12,1995-12,-4.558333333,64.27415323,51.44
US.Ha1,1996,1,1996-01,-5.368817204,64.60482527,160.76
US.Ha1,1996,2,1996-02,-4.786063218,85.17883621,63.6
US.Ha1,1996,3,1996-03,-0.495833333,143.843414,54.75
US.Ha1,1996,4,1996-04,6.21875,150.3524722,164.97
US.Ha1,1996,5,1996-05,11.87056452,188.0325134,111.25
US.Ha1,1996,6,1996-06,17.36236111,183.5609028,117.3
US.Ha1,1996,7,1996-07,18.52997312,202.8869892,192.57
US.Ha1,1996,8,1996-08,19.0936828,182.0722177,23.94
US.Ha1,1996,9,1996-09,15.11694444,129.972,157.78
US.Ha1,1996,10,1996-10,8.702553763,113.8035349,119.76
US.Ha1,1996,11,1996-11,1.060972222,66.25020833,98.88
US.Ha1,1996,12,1996-12,-0.018413978,39.56932796,186.89
US.Ha1,1997,1,1997-01,-5.817473118,64.09623656,74.08
US.Ha1,1997,2,1997-02,-1.463244048,93.05846726,56.12
US.Ha1,1997,3,1997-03,-1.020026882,119.0432392,104.45
US.Ha1,1997,4,1997-04,5.692361111,210.4948056,116.77
US.Ha1,1997,5,1997-05,10.30981183,203.8731317,77.77
US.Ha1,1997,6,1997-06,17.68541667,275.2033194,24.67
US.Ha1,1997,7,1997-07,19.27540323,290.1602151,99.99
US.Ha1,1997,8,1997-08,18.15362903,200.1037097,114.62
US.Ha1,1997,9,1997-09,14.51069444,173.4782083,28.61
US.Ha1,1997,10,1997-10,8.210483871,115.3399731,53.6
US.Ha1,1997,11,1997-11,1.636388889,62.83147222,149.34
US.Ha1,1997,12,1997-12,-1.409139785,60.84208333,61.95
US.Ha1,1998,1,1998-01,-2.285080645,53.78563172,122.36
US.Ha1,1998,2,1998-02,-0.552678571,98.20639881,68.05
US.Ha1,1998,3,1998-03,2.057795699,117.1274462,115.64
US.Ha1,1998,4,1998-04,7.565694444,161.2658194,61.46
US.Ha1,1998,5,1998-05,14.58104839,198.0999328,90.31
US.Ha1,1998,6,1998-06,16.21041667,164.6700139,211.14
US.Ha1,1998,7,1998-07,19.86814516,215.5519624,60.69
US.Ha1,1998,8,1998-08,20.04784946,180.9480914,29.01
US.Ha1,1998,9,1998-09,16.11111111,150.5315694,54.12
US.Ha1,1998,10,1998-10,9.182795699,119.2624194,116.84
US.Ha1,1998,11,1998-11,3.048888889,68.25176389,63.84
US.Ha1,1998,12,1998-12,0.798790323,61.60788978,33.95
US.Ha1,1999,1,1999-01,-5.198790323,58.56606183,154.41
US.Ha1,1999,2,1999-02,-2.082291667,84.99880952,65.4
US.Ha1,1999,3,1999-03,0.933467742,136.6977688,116.66
US.Ha1,1999,4,1999-04,7.081944444,194.8851389,21.38
US.Ha1,1999,5,1999-05,14.19260753,232.8519086,79.28
US.Ha1,1999,6,1999-06,19.14166667,259.234125,87.98
US.Ha1,1999,7,1999-07,21.85147849,232.3037769,54.18
US.Ha1,1999,8,1999-08,19.14650538,182.2532661,83.87
US.Ha1,1999,9,1999-09,17.14291667,133.0777639,248.24
US.Ha1,1999,10,1999-10,9.653225806,110.7804301,100.19
US.Ha1,1999,11,1999-11,5.818333333,68.92804167,78.41
US.Ha1,1999,12,1999-12,-1.433870968,89.29032258,46.73
US.Ha1,2000,1,2000-01,-6.232123656,68.84754032,83.68
US.Ha1,2000,2,2000-02,-2.001724138,82.45346264,86.54
US.Ha1,2000,3,2000-03,3.323924731,130.9417742,96.55
US.Ha1,2000,4,2000-04,5.840694444,124.0665972,149.76
US.Ha1,2000,5,2000-05,12.86841398,174.5729839,95.43
US.Ha1,2000,6,2000-06,17.195,201.2981944,172.62
US.Ha1,2000,7,2000-07,18.18185484,189.1592742,111.35
US.Ha1,2000,8,2000-08,18.39852151,197.7597446,120.24
US.Ha1,2000,9,2000-09,14.40291667,144.832375,85.17
US.Ha1,2000,10,2000-10,9.080645161,107.5925134,59.87
US.Ha1,2000,11,2000-11,2.924861111,72.349625,74.96
US.Ha1,2000,12,2000-12,-5.355913978,57.39473118,100.99
US.Ha1,2001,1,2001-01,-4.109139785,61.73141129,37.01
US.Ha1,2001,2,2001-02,-3.666815476,106.3445536,92.99
US.Ha1,2001,3,2001-03,-1.06438172,131.4832124,181.25
US.Ha1,2001,4,2001-04,7.054027778,196.8831944,35.35
US.Ha1,2001,5,2001-05,13.32822581,186.0081317,50.29
US.Ha1,2001,6,2001-06,18.86819444,200.8026944,150.43
US.Ha1,2001,7,2001-07,18.29610215,236.0802688,97.53
US.Ha1,2001,8,2001-08,21.13252688,188.6111022,51.23
US.Ha1,2001,9,2001-09,15.74888889,159.3890694,108.11
US.Ha1,2001,10,2001-10,10.18064516,111.9630914,19.94
US.Ha1,2001,11,2001-11,6.030972222,71.72758333,38.2
US.Ha1,2001,12,2001-12,1.081854839,81.94366935,66.62
US.Ha1,2002,1,2002-01,-0.688575269,100.1451613,43
US.Ha1,2002,2,2002-02,-0.879464286,135.7232143,73.99
US.Ha1,2002,3,2002-03,1.401478495,145.8694624,94.9
US.Ha1,2002,4,2002-04,7.730277778,173.3829861,91.17
US.Ha1,2002,5,2002-05,11.32258065,226.5264247,115.75
US.Ha1,2002,6,2002-06,16.49013889,238.2977639,135.03
US.Ha1,2002,7,2002-07,20.40456989,248.8047849,53.1
US.Ha1,2002,8,2002-08,20.23965054,217.671129,73.89
US.Ha1,2002,9,2002-09,17.01958333,159.7999167,75.23
US.Ha1,2002,10,2002-10,7.454166667,94.91928763,81.66
US.Ha1,2002,11,2002-11,2.284861111,68.21388889,133.76
US.Ha1,2002,12,2002-12,-2.841263441,59.37545699,114.49
US.Ha1,2003,1,2003-01,-8.610887097,76.51205645,71.85
US.Ha1,2003,2,2003-02,-6.374255952,93.39974702,89.97
US.Ha1,2003,3,2003-03,0.832392473,140.636828,96.57
US.Ha1,2003,4,2003-04,4.935,158.3628611,86.65
US.Ha1,2003,5,2003-05,11.28454301,240.2944892,115.84
US.Ha1,2003,6,2003-06,16.94055556,221.67475,130.83
US.Ha1,2003,7,2003-07,20.38776882,250.2141667,38.03
US.Ha1,2003,8,2003-08,20.25053763,198.951129,152.22
US.Ha1,2003,9,2003-09,15.61236111,152.0435278,150.64
US.Ha1,2003,10,2003-10,8.017069892,141.4322849,126.76
US.Ha1,2003,11,2003-11,4.504166667,106.3333333,66.43
US.Ha1,2003,12,2003-12,-1.425672043,85.41935484,138.5
US.Ha1,2004,1,2004-01,-10.35725806,68.51233871,29.21
US.Ha1,2004,2,2004-02,-3.560775862,108.4952299,38.29
US.Ha1,2004,3,2004-03,1.168548387,126.0311962,43.74
US.Ha1,2004,4,2004-04,7.2225,168.6480417,173.57
US.Ha1,2004,5,2004-05,13.70107527,202.0383199,105.67
US.Ha1,2004,6,2004-06,16.67722222,226.1034028,55.45
US.Ha1,2004,7,2004-07,19.62244624,197.2804704,105.75
US.Ha1,2004,8,2004-08,19.49435484,190.1608468,97.03
US.Ha1,2004,9,2004-09,16.16486111,164.7425278,210.53
US.Ha1,2004,10,2004-10,8.866263441,128.8563441,52.65
US.Ha1,2004,11,2004-11,3.805555556,81.41758333,90.01
US.Ha1,2004,12,2004-12,-2.419758065,48.97329301,104.93
US.Ha1,2005,1,2005-01,-6.428225806,62.9430914,108.48
US.Ha1,2005,2,2005-02,-2.333779762,101.6407292,67.33
US.Ha1,2005,3,2005-03,-1.04233871,144.0669624,117.4
US.Ha1,2005,4,2005-04,8.514583333,193.2000833,123.26
US.Ha1,2005,5,2005-05,9.502016129,172.3429435,84.62
US.Ha1,2005,6,2005-06,18.62819444,207.1940139,121.86
US.Ha1,2005,7,2005-07,20.09180108,197.0339113,133.2
US.Ha1,2005,8,2005-08,20.26666667,177.1443011,63.51
US.Ha1,2005,9,2005-09,16.7125,153.9609028,53.95
US.Ha1,2005,10,2005-10,9.545564516,66.87856183,385.92
US.Ha1,2005,11,2005-11,4.729166667,62.02572222,126.98
US.Ha1,2005,12,2005-12,-2.839919355,57.37560484,121.36
US.Ha1,2006,1,2006-01,-0.480107527,53.2550672,132.98
US.Ha1,2006,2,2006-02,-3.76264881,99.08837798,67.2
US.Ha1,2006,3,2006-03,0.946505376,154.1786022,20.04
US.Ha1,2006,4,2006-04,7.968472222,181.0896528,57.2
US.Ha1,2006,5,2006-05,11.95913978,172.5636022,149.06
US.Ha1,2006,6,2006-06,17.23138889,182.1744028,184.55
US.Ha1,2006,7,2006-07,21.12150538,229.4801613,87.63
US.Ha1,2006,8,2006-08,18.18360215,195.4800538,140.21
US.Ha1,2006,9,2006-09,14.33416667,145.2653056,69.19
US.Ha1,2006,10,2006-10,8.756048387,104.9018548,172.4
US.Ha1,2006,11,2006-11,6.719305556,64.08820833,122.3
US.Ha1,2006,12,2006-12,3.371102151,47.39423387,54.15
US.Ha1,2007,1,2007-01,-3.14327957,57.3575,86.2
US.Ha1,2007,2,2007-02,-7.130952381,104.4054167,50.53
US.Ha1,2007,3,2007-03,-0.129973118,141.7046505,120.99
US.Ha1,2007,4,2007-04,5.191527778,146.1075972,155.4
US.Ha1,2007,5,2007-05,13.91223118,237.0459409,78.82
US.Ha1,2007,6,2007-06,16.90694444,222.3265694,70.06
US.Ha1,2007,7,2007-07,19.22889785,216.8066667,135.87
US.Ha1,2007,8,2007-08,19.01102151,201.7109274,45.58
US.Ha1,2007,9,2007-09,15.96736111,207.446625,76.25
US.Ha1,2007,10,2007-10,12.15147849,131.2941801,99.66
US.Ha1,2007,11,2007-11,2.213611111,90.06584722,93.57
US.Ha1,2007,12,2007-12,-3.554301075,51.51102151,121.31
US.Ha1,2008,1,2008-01,-2.985887097,63.17788978,66.51
US.Ha1,2008,2,2008-02,-3.525574713,76.66534483,272.9
US.Ha1,2008,3,2008-03,-0.409139785,127.9726747,131.16
US.Ha1,2008,4,2008-04,8.345555556,185.8339722,115.24
US.Ha1,2008,5,2008-05,11.14932796,204.1859543,54.67
US.Ha1,2008,6,2008-06,17.47944444,203.9437222,165.5
US.Ha1,2008,7,2008-07,19.81155914,211.748293,204.93
US.Ha1,2008,8,2008-08,17.36021505,194.3714651,71.62
US.Ha1,2008,9,2008-09,15.10958333,149.1405,185.8
US.Ha1,2008,10,2008-10,8.315860215,110.2120161,69.25
US.Ha1,2008,11,2008-11,2.795833333,57.10526389,67.45
US.Ha1,2008,12,2008-12,-2.081854839,41.04262097,169.16
US.Ha1,2009,1,2009-01,-8.034543011,71.4356586,94.85
US.Ha1,2009,2,2009-02,-2.898958333,111.6276042,34.85
US.Ha1,2009,3,2009-03,0.680376344,165.1082796,72.57
US.Ha1,2009,4,2009-04,8.213055556,184.3704306,89.45
US.Ha1,2009,5,2009-05,12.93360215,216.4448925,111.39
US.Ha1,2009,6,2009-06,15.53736111,192.5680694,155.45
US.Ha1,2009,7,2009-07,17.76545699,214.6583602,207.64
US.Ha1,2009,8,2009-08,19.38373656,205.6461425,132.88
US.Ha1,2009,9,2009-09,13.87638889,164.7102083,33.62
US.Ha1,2009,10,2009-10,7.526075269,86.42739247,138.23
US.Ha1,2009,11,2009-11,5.80625,67.55693056,71.31
US.Ha1,2009,12,2009-12,-3.319086022,53.05814516,94.32
US.Ha1,2010,1,2010-01,-4.832795699,61.44778226,76.79
US.Ha1,2010,2,2010-02,-3.280654762,86.08953869,95.86
US.Ha1,2010,3,2010-03,4.313575269,124.9223253,197.22
US.Ha1,2010,4,2010-04,9.649861111,185.9312917,34.32
US.Ha1,2010,5,2010-05,15.09852151,222.2908333,56.19
US.Ha1,2010,6,2010-06,18.48527778,199.69,88.81
US.Ha1,2010,7,2010-07,21.97311828,222.7504839,76.03
US.Ha1,2010,8,2010-08,20.10658602,190.7166667,65.48
US.Ha1,2010,9,2010-09,17.00625,144.6072778,52.26
US.Ha1,2010,10,2010-10,9.252150538,98.77111559,188.01
US.Ha1,2010,11,2010-11,3.626111111,67.93461111,100.28
US.Ha1,2010,12,2010-12,-3.871908602,56.8036828,82.93
US.Ha1,2011,1,2011-01,-6.520564516,68.34182796,73.12
US.Ha1,2011,2,2011-02,-4.216369048,111.3405208,94.06
US.Ha1,2011,3,2011-03,0.270967742,154.1122581,150.29
US.Ha1,2011,4,2011-04,7.565694444,163.63925,135.6
US.Ha1,2011,5,2011-05,14.19301075,185.2331855,91.1
US.Ha1,2011,6,2011-06,17.26416667,214.6811389,148.53
US.Ha1,2011,7,2011-07,21.67123656,254.7753898,51.96
US.Ha1,2011,8,2011-08,19.6108871,198.9780914,241.84
US.Ha1,2011,9,2011-09,17.02125,171.2975833,185.38
US.Ha1,2011,10,2011-10,9.486693548,109.0360349,170.18
US.Ha1,2011,11,2011-11,6.776527778,82.44434722,97.07
US.Ha1,2011,12,2011-12,1.010349462,66.46302419,123.38
US.Ha1,2012,1,2012-01,-1.985080645,62.73591398,69.45
US.Ha1,2012,2,2012-02,0.030316092,92.89942529,21.27
US.Ha1,2012,3,2012-03,5.79233871,134.325457,34.23
US.Ha1,2012,4,2012-04,8.281805556,188.0944306,67.08
US.Ha1,2012,5,2012-05,15.0219086,169.0832124,119.06
US.Ha1,2012,6,2012-06,17.00458333,208.8986389,95.95
US.Ha1,2012,7,2012-07,21.34717742,223.0013844,49.47
US.Ha1,2012,8,2012-08,20.55389785,198.7309946,113.03
US.Ha1,2012,9,2012-09,15.15041667,149.9968056,134.09
US.Ha1,2012,10,2012-10,10.68857527,75.68814516,127.96
US.Ha1,2012,11,2012-11,2.574861111,72.16620833,10.77
US.Ha1,2012,12,2012-12,0.080241935,43.21251344,98.95
US.Ho1,1996,1,1996-01,-8.933270833,54.17149789,120.47
US.Ho1,1996,2,1996-02,-6.438209052,78.22861811,94.57
US.Ho1,1996,3,1996-03,-2.101948925,141.633368,69.41
US.Ho1,1996,4,1996-04,4.685175,139.2194237,115.37
US.Ho1,1996,5,1996-05,10.77814247,202.5570713,136.31
US.Ho1,1996,6,1996-06,16.97206181,201.6498827,124.89
US.Ho1,1996,7,1996-07,18.47485685,180.2157909,156.78
US.Ho1,1996,8,1996-08,19.10220968,203.1173035,31.33
US.Ho1,1996,9,1996-09,14.39150764,130.0563142,133.57
US.Ho1,1996,10,1996-10,6.901405242,103.9023267,83.76
US.Ho1,1996,11,1996-11,0.370226389,61.63221493,59.86
US.Ho1,1996,12,1996-12,-1.466477823,31.94638083,177.71
US.Ho1,1997,1,1997-01,-7.214149866,51.12053219,97.22
US.Ho1,1997,2,1997-02,-4.845258929,80.41382021,48.3
US.Ho1,1997,3,1997-03,-2.494233871,123.6860597,73.18
US.Ho1,1997,4,1997-04,5.497896528,175.5573835,62.94
US.Ho1,1997,5,1997-05,10.84245833,163.7316552,104.13
US.Ho1,1997,6,1997-06,18.89045972,243.6169557,82.43
US.Ho1,1997,7,1997-07,21.1693461,242.2814326,95.96
US.Ho1,1997,8,1997-08,19.25176882,175.7760548,123.71
US.Ho1,1997,9,1997-09,14.83457083,126.2794337,92.26
US.Ho1,1997,10,1997-10,8.304674059,102.0572466,34.84
US.Ho1,1997,11,1997-11,1.798570139,55.38132548,90.72
US.Ho1,1997,12,1997-12,-3.973292339,47.53037555,57.49
US.Ho1,1998,1,1998-01,-6.562915995,43.84781391,147.82
US.Ho1,1998,2,1998-02,-2.261346726,87.40538599,92.61
US.Ho1,1998,3,1998-03,0.064793683,116.089242,102.73
US.Ho1,1998,4,1998-04,6.402813194,178.5741279,90.34
US.Ho1,1998,5,1998-05,14.42024597,195.9887481,85.54
US.Ho1,1998,6,1998-06,15.75950625,161.3638033,150.92
US.Ho1,1998,7,1998-07,19.66636895,226.9856229,83.79
US.Ho1,1998,8,1998-08,19.54884812,207.5318228,37.05
US.Ho1,1998,9,1998-09,14.55999653,137.8234356,64.12
US.Ho1,1998,10,1998-10,7.994241263,87.3351991,124.12
US.Ho1,1998,11,1998-11,1.456548611,57.44151067,63.6
US.Ho1,1998,12,1998-12,-2.890886425,47.64946261,44.46
US.Ho1,1999,1,1999-01,-8.461670027,54.00497793,137.6
US.Ho1,1999,2,1999-02,-3.587155506,89.67084722,56.8
US.Ho1,1999,3,1999-03,0.598307124,112.8012877,151.37
US.Ho1,1999,4,1999-04,5.985756944,173.6485306,20.12
US.Ho1,1999,5,1999-05,13.85879503,222.1282141,67.71
US.Ho1,1999,6,1999-06,18.86880347,241.3583041,94.44
US.Ho1,1999,7,1999-07,20.51128159,214.2566958,67.87
US.Ho1,1999,8,1999-08,18.74056183,191.4266408,68.42
US.Ho1,1999,9,1999-09,17.20791458,141.9717347,225.52
US.Ho1,1999,10,1999-10,6.770357527,94.61602603,109.33
US.Ho1,1999,11,1999-11,4.023600694,54.60246956,93.64
US.Ho1,1999,12,1999-12,-2.921422715,48.24401918,89.14
US.Ho1,2000,1,2000-01,-8.420984543,61.08272247,92.38
US.Ho1,2000,2,2000-02,-6.056249282,98.40414623,83.91
US.Ho1,2000,3,2000-03,1.505255376,137.5195048,103.17
US.Ho1,2000,4,2000-04,4.676591667,139.0772525,148.81
US.Ho1,2000,5,2000-05,10.60447177,184.1007614,107.95
US.Ho1,2000,6,2000-06,16.03710903,216.7785163,63.06
US.Ho1,2000,7,2000-07,17.98288911,204.3688162,65.84
US.Ho1,2000,8,2000-08,18.05884946,178.9911131,54.89
US.Ho1,2000,9,2000-09,13.30682431,146.7448313,59.96
US.Ho1,2000,10,2000-10,7.532918683,88.33139512,85.74
US.Ho1,2000,11,2000-11,2.662840278,48.7774554,69.79
US.Ho1,2000,12,2000-12,-6.485086022,46.26251437,113.58
US.Ho1,2001,1,2001-01,-8.237605511,58.74512647,28.06
US.Ho1,2001,2,2001-02,-7.263462798,92.1235301,69.17
US.Ho1,2001,3,2001-03,-2.191424731,127.9142725,82.92
US.Ho1,2001,4,2001-04,5.020916667,191.6051247,19.95
US.Ho1,2001,5,2001-05,13.32761828,220.6865163,40.37
US.Ho1,2001,6,2001-06,19.01489514,225.3692526,70.1
US.Ho1,2001,7,2001-07,18.41561492,200.6715076,70.12
US.Ho1,2001,8,2001-08,20.57497177,206.1190913,30.91
US.Ho1,2001,9,2001-09,15.29403542,160.2825382,94.85
US.Ho1,2001,10,2001-10,9.062329973,107.0009858,40.42
US.Ho1,2001,11,2001-11,3.644027778,57.1512071,51.57
US.Ho1,2001,12,2001-12,-1.159408602,47.12834287,63.47
US.Ho1,2002,1,2002-01,-5.238770161,45.51239353,65.56
US.Ho1,2002,2,2002-02,-4.724931548,81.44378801,89.56
US.Ho1,2002,3,2002-03,-1.330416667,123.8327002,98.83
US.Ho1,2002,4,2002-04,4.864277778,149.5422891,117.43
US.Ho1,2002,5,2002-05,10.59302285,198.5766561,59.93
US.Ho1,2002,6,2002-06,15.75906736,209.347565,74.79
US.Ho1,2002,7,2002-07,19.4739543,198.888916,83.76
US.Ho1,2002,8,2002-08,20.57923454,210.5786905,16.83
US.Ho1,2002,9,2002-09,15.96236181,143.3956635,125.81
US.Ho1,2002,10,2002-10,6.335444892,98.35059857,81.61
US.Ho1,2002,11,2002-11,0.268993056,49.91574577,105.93
US.Ho1,2002,12,2002-12,-4.601323253,51.59870358,91.26
US.Ho1,2003,1,2003-01,-11.20094556,58.94778427,31.98
US.Ho1,2003,2,2003-02,-9.448959821,90.09465378,64.83
US.Ho1,2003,3,2003-03,-2.666541667,119.1450721,100.9
US.Ho1,2003,4,2003-04,3.441559722,170.7233768,44.69
US.Ho1,2003,5,2003-05,10.88314382,169.2163912,98.76
US.Ho1,2003,6,2003-06,17.19194028,218.1749714,82.88
US.Ho1,2003,7,2003-07,19.76568817,199.2141239,76.72
US.Ho1,2003,8,2003-08,19.51706519,167.6474538,106.15
US.Ho1,2003,9,2003-09,15.62266875,144.4081371,136.93
US.Ho1,2003,10,2003-10,7.84384879,87.61297567,231.46
US.Ho1,2003,11,2003-11,2.364716667,54.48646682,113.27
US.Ho1,2003,12,2003-12,-3.226875672,45.0798465,162.84
US.Ho1,2004,1,2004-01,-13.43196909,66.38924835,17.78
US.Ho1,2004,2,2004-02,-5.679253592,101.0166304,36.82
US.Ho1,2004,3,2004-03,-0.671913978,135.9362746,46.32
US.Ho1,2004,4,2004-04,5.242535417,159.7633319,96.36
US.Ho1,2004,5,2004-05,11.35116667,189.609788,91.38
US.Ho1,2004,6,2004-06,15.34161597,217.4389383,48.84
US.Ho1,2004,7,2004-07,18.70974395,183.5562778,111.04
US.Ho1,2004,8,2004-08,18.75726411,184.0179437,184.93
US.Ho1,2004,9,2004-09,14.39444236,154.1101842,52.55
US.Ho1,2004,10,2004-10,8.5039375,106.4524901,47.65
US.Ho1,2004,11,2004-11,1.741909028,65.99673536,112.28
US.Ho1,2004,12,2004-12,-5.885535618,41.52716722,98.01
US.Ho1,2005,1,2005-01,-10.36415054,58.02715139,58.22
US.Ho1,2005,2,2005-02,-4.884198661,100.0900331,64.65
US.Ho1,2005,3,2005-03,-1.940016801,146.7388306,116.85
US.Ho1,2005,4,2005-04,6.197392361,170.4326826,223.86
US.Ho1,2005,5,2005-05,9.251060484,144.1524761,180.85
US.Ho1,2005,6,2005-06,18.05085208,214.337617,74.14
US.Ho1,2005,7,2005-07,19.92680847,232.3151952,135.11
US.Ho1,2005,8,2005-08,19.59022715,193.3261077,120.69
US.Ho1,2005,9,2005-09,15.81043611,144.9470936,112.35
US.Ho1,2005,10,2005-10,8.922681452,74.84862018,307.54
US.Ho1,2005,11,2005-11,2.513689583,48.40390342,185.71
US.Ho1,2005,12,2005-12,-5.045551747,42.5525548,156.52
US.Ho1,2006,1,2006-01,-3.791962366,50.24483671,114.75
US.Ho1,2006,2,2006-02,-6.008144345,92.77547352,85.33
US.Ho1,2006,3,2006-03,0.061419355,152.5108236,25.57
US.Ho1,2006,4,2006-04,6.983694444,189.0412811,62.28
US.Ho1,2006,5,2006-05,12.82799731,171.9595688,140.37
US.Ho1,2006,6,2006-06,17.55181667,161.675992,177.86
US.Ho1,2006,7,2006-07,21.15697513,205.0379452,182.63
US.Ho1,2006,8,2006-08,17.50935081,189.209868,102.89
US.Ho1,2006,9,2006-09,14.30012917,150.0442545,69.54
US.Ho1,2006,10,2006-10,8.224745968,92.52451374,214.66
US.Ho1,2006,11,2006-11,4.670453472,51.80027929,136.78
US.Ho1,2006,12,2006-12,-1.680172715,42.25446568,81.81
US.Ho1,2007,1,2007-01,-7.759450941,60.4332556,87.17
US.Ho1,2007,2,2007-02,-9.972523065,96.29012162,49.77
US.Ho1,2007,3,2007-03,-2.088311828,132.6531193,112.84
US.Ho1,2007,4,2007-04,4.057735417,147.1844687,180.32
US.Ho1,2007,5,2007-05,11.64452352,214.1045368,90.11
US.Ho1,2007,6,2007-06,17.30409861,230.1930958,58.07
US.Ho1,2007,7,2007-07,19.04687702,206.4582295,60.19
US.Ho1,2007,8,2007-08,18.32880847,208.8972216,92.18
US.Ho1,2007,9,2007-09,15.17099861,162.628421,48.28
US.Ho1,2007,10,2007-10,10.30552218,100.0748281,130.81
US.Ho1,2007,11,2007-11,0.15803125,57.11936644,217.65
US.Ho1,2007,12,2007-12,-6.784465054,41.70803292,105.89
US.Ho1,2008,1,2008-01,-6.363066532,58.13635868,75.7
US.Ho1,2008,2,2008-02,-6.222392241,82.80788382,136.96
US.Ho1,2008,3,2008-03,-2.685758737,124.0614545,108.83
US.Ho1,2008,4,2008-04,6.458956944,187.655292,149.69
US.Ho1,2008,5,2008-05,11.34129435,212.8405894,39.36
US.Ho1,2008,6,2008-06,16.89774931,174.8896576,138.76
US.Ho1,2008,7,2008-07,20.95588105,216.9201967,86.9
US.Ho1,2008,8,2008-08,17.71232124,165.17833,68.43
US.Ho1,2008,9,2008-09,14.28629306,143.0499824,129.64
US.Ho1,2008,10,2008-10,7.878885753,92.02992326,151.26
US.Ho1,2008,11,2008-11,2.424771528,52.01494754,147.84
US.Ho1,2008,12,2008-12,-5.571856855,37.30821999,150.68
US.Ho1,2009,1,2009-01,-11.4472547,68.38874097,64.29
US.Ho1,2009,2,2009-02,-5.138915179,86.8121883,73.5
US.Ho1,2009,3,2009-03,-1.624148522,142.6500875,65.13
US.Ho1,2009,4,2009-04,6.769379861,174.0702845,113.44
US.Ho1,2009,5,2009-05,11.70284341,183.6990203,101.49
US.Ho1,2009,6,2009-06,15.47125417,175.1139493,179.27
US.Ho1,2009,7,2009-07,17.82031989,170.6874236,155.23
US.Ho1,2009,8,2009-08,19.63477554,202.8707169,96.97
US.Ho1,2009,9,2009-09,13.50423472,169.1983391,35.33
US.Ho1,2009,10,2009-10,5.639645833,83.07282749,152.43
US.Ho1,2009,11,2009-11,4.202552778,62.48343083,127.77
US.Ho1,2009,12,2009-12,-4.729318548,45.05051889,103.92
US.Ho1,2010,1,2010-01,-4.963967742,53.29841845,100.32
US.Ho1,2010,2,2010-02,-2.834389137,82.87055762,59.69
US.Ho1,2010,3,2010-03,3.095397177,128.7753252,124
US.Ho1,2010,4,2010-04,8.4950625,157.2245559,73.83
US.Ho1,2010,5,2010-05,14.31312097,222.737412,43.71
US.Ho1,2010,6,2010-06,17.36131597,194.0960073,147.74
US.Ho1,2010,7,2010-07,22.13062164,223.3285447,23.15
US.Ho1,2010,8,2010-08,20.4034879,197.5755038,38.4
US.Ho1,2010,9,2010-09,15.86159236,126.0950876,162.57
US.Ho1,2010,10,2010-10,8.539037634,92.31325574,157.64
US.Ho1,2010,11,2010-11,2.593529167,51.5241461,135.72
US.Ho1,2010,12,2010-12,-2.98665793,36.67437842,195
US.Ho1,2011,1,2011-01,-7.507936828,59.20105165,59.88
US.Ho1,2011,2,2011-02,-6.298868304,93.42405558,67.12
US.Ho1,2011,3,2011-03,-0.854262769,146.5602148,132.26
US.Ho1,2011,4,2011-04,5.611160417,174.1046837,140.25
US.Ho1,2011,5,2011-05,12.24316196,166.1380552,117.34
US.Ho1,2011,6,2011-06,16.78957292,223.2552983,88.28
US.Ho1,2011,7,2011-07,21.67906183,251.8426041,64.58
US.Ho1,2011,8,2011-08,19.36167406,192.1882509,202.41
US.Ho1,2011,9,2011-09,16.32045069,156.8742917,76.98
US.Ho1,2011,10,2011-10,9.820560484,94.0270269,119.76
US.Ho1,2011,11,2011-11,5.379864583,66.75649186,53.49
US.Ho1,2011,12,2011-12,-2.044760753,47.53155285,99.08
US.Ho1,2012,1,2012-01,-6.554723118,56.75785755,78.35
US.Ho1,2012,2,2012-02,-4.213010776,98.07495471,47.57
US.Ho1,2012,3,2012-03,2.369250672,142.1433323,51.45
US.Ho1,2012,4,2012-04,6.61360625,193.7769078,94.02
US.Ho1,2012,5,2012-05,12.69224261,183.6935752,123.53
US.Ho1,2012,6,2012-06,15.93682986,214.3507847,233.68
US.Ho1,2012,7,2012-07,20.68007392,260.6712848,52.73
US.Ho1,2012,8,2012-08,20.26456317,208.4086305,78.35
US.Ho1,2012,9,2012-09,14.05857917,151.7065689,112.06
US.Ho1,2012,10,2012-10,9.677174059,92.65339108,199.28
US.Ho1,2012,11,2012-11,0.71140625,62.39484828,38.79
US.Ho1,2012,12,2012-12,-3.480912634,45.38644908,129.96
US.Ho1,2013,1,2013-01,-7.627936828,66.16116858,26.55
US.Ho1,2013,2,2013-02,-5.452002976,85.98060792,74.7
US.Ho1,2013,3,2013-03,0.228354167,132.7863497,72.54
US.Ho1,2013,4,2013-04,5.014420833,192.4902485,48.02
US.Ho1,2013,5,2013-05,11.91167003,200.1893816,144.07
US.Ho1,2013,6,2013-06,17.02644444,211.5937777,160.6
US.Ho1,2013,7,2013-07,21.1705578,240.1264384,76.36
US.Ho1,2013,8,2013-08,18.40108871,211.6484119,135.93
US.Ho1,2013,9,2013-09,14.36460486,154.6766543,131.11
US.Ho1,2013,10,2013-10,9.256866263,117.4406371,37.93
US.Ho1,2013,11,2013-11,0.871735417,64.92541138,124.78
US.Ho1,2013,12,2013-12,-7.967978129,41.53608214,117.75
US.Ho1,2014,1,2014-01,-8.766579777,63.31185961,115.83
US.Ho1,2014,2,2014-02,-7.119397321,99.20211171,87.11
US.Ho1,2014,3,2014-03,-5.250188172,139.3194798,118.15
US.Ho1,2014,4,2014-04,4.804430556,189.4032335,78.86
US.Ho1,2014,5,2014-05,11.74168481,195.0520934,102.7
US.Ho1,2014,6,2014-06,17.50067153,232.4518342,101.32
US.Ho1,2014,7,2014-07,20.45164651,234.0539561,143.95
US.Ho1,2014,8,2014-08,18.78206989,210.6056766,56.28
US.Ho1,2014,9,2014-09,14.32597361,171.2060786,30.66
US.Ho1,2014,10,2014-10,9.876459677,91.94155387,221.12
US.Ho1,2014,11,2014-11,0.51058606,50.88672064,123.1
US.Ho1,2014,12,2014-12,-2.685926747,44.92959528,172.39
US.Ho1,2015,1,2015-01,-9.866116263,56.1743772,74.74
US.Ho1,2015,2,2015-02,-13.15048884,99.1045424,44.22
US.Ho1,2015,3,2015-03,-3.629557124,151.0720991,43.39
US.Ho1,2015,4,2015-04,4.678756944,181.1563484,66.76
US.Ho1,2015,5,2015-05,13.9839422,228.203664,61.99
US.Ho1,2015,6,2015-06,15.12754236,228.2971329,147.05
US.Ho1,2015,7,2015-07,19.4091129,226.4363684,97.53
US.Ho1,2015,8,2015-08,20.30506048,209.5935896,77.49
US.Ho1,2015,9,2015-09,17.69552153,181.4801904,82.92
US.Ho1,2015,10,2015-10,7.249260081,105.7437255,164.38
US.Ho1,2015,11,2015-11,3.568127778,59.88017908,66.26
US.Ho1,2015,12,2015-12,0.406524194,40.48966947,146.38
US.Ho1,2016,1,2016-01,-3.916143145,60.60668652,64.07
US.Ho1,2016,2,2016-02,-2.621596983,80.35882157,133.64
US.Ho1,2016,3,2016-03,1.072418683,122.9406959,101.06
US.Ho1,2016,4,2016-04,4.6319625,211.1213067,86.36
US.Ho1,2016,5,2016-05,12.37426008,209.4788949,86.2
US.Ho1,2016,6,2016-06,16.216875,236.6344171,75.62
US.Ho1,2016,7,2016-07,20.21388441,242.3372782,89.89
US.Ho1,2016,8,2016-08,19.95868952,215.3559929,85.77
US.Ho1,2016,9,2016-09,15.78789028,165.4952046,37.91
US.Ho1,2016,10,2016-10,8.984397849,101.3262556,96.29
US.Ho1,2016,11,2016-11,3.527663194,56.67861438,120.17
US.Ho1,2016,12,2016-12,-5.60381922,44.86513546,128.74
US.Ho1,2017,1,2017-01,-4.563823253,55.11573323,130.84
US.Ho1,2017,2,2017-02,-4.684870536,89.84212172,102.87
US.Ho1,2017,3,2017-03,-3.818542339,139.9460731,76.27
US.Ho1,2017,4,2017-04,6.459373611,152.4481375,101.96
US.Ho1,2017,5,2017-05,11.31580376,187.2951596,139.17
US.Ho1,2017,6,2017-06,16.90060001,228.5157354,76.01
US.Ho1,2017,7,2017-07,19.36135081,247.8846466,43.06
US.Ho1,2017,8,2017-08,18.38188306,213.0298813,53.89
US.Ho1,2017,9,2017-09,17.05259819,169.6175784,74.37
US.Ho1,2017,10,2017-10,12.29185495,113.0779424,142.89
US.Ho1,2017,11,2017-11,1.315469444,63.05296617,79.71
US.Ho1,2017,12,2017-12,-8.230012097,52.66953685,124.21
US.MMS,1999,1,1999-01,-3.356033937,59.09999887,150.91
US.MMS,1999,2,1999-02,0.922980046,104.6048779,135.27
US.MMS,1999,3,1999-03,0.040021457,171.3968508,46.14
US.MMS,1999,4,1999-04,8.549794926,177.4128807,116.04
US.MMS,1999,5,1999-05,14.69413509,248.8242652,101.83
US.MMS,1999,6,1999-06,15.41472007,245.9979803,108.5
US.MMS,1999,7,1999-07,24.49299961,276.3744533,80.23
US.MMS,1999,8,1999-08,21.93777218,228.4792888,36.13
US.MMS,1999,9,1999-09,20.6976387,213.8693054,25.22
US.MMS,1999,10,1999-10,14.65896102,162.222869,34.55
US.MMS,1999,11,1999-11,10.64183906,89.97091712,24.79
US.MMS,1999,12,1999-12,1.449386768,59.44046822,104.91
US.MMS,2000,1,2000-01,-1.539959677,54.31146891,45.31
US.MMS,2000,2,2000-02,4.124856322,111.932152,99.89
US.MMS,2000,3,2000-03,8.525255376,175.6858009,50.44
US.MMS,2000,4,2000-04,11.92676389,196.7412764,111.26
US.MMS,2000,5,2000-05,18.10870968,221.1281427,106.47
US.MMS,2000,6,2000-06,21.17259722,259.3162501,139.37
US.MMS,2000,7,2000-07,22.03063172,244.370214,111.25
US.MMS,2000,8,2000-08,22.19556452,216.4083553,161.47
US.MMS,2000,9,2000-09,17.56743056,164.2528209,172.21
US.MMS,2000,10,2000-10,15.27549731,140.0667794,141.05
US.MMS,2000,11,2000-11,4.697069444,71.55798718,78.56
US.MMS,2000,12,2000-12,-6.120336022,72.51565362,73.2
US.MMS,2001,1,2001-01,-1.259395161,81.86862903,32.53
US.MMS,2001,2,2001-02,1.972633929,108.3844048,53.08
US.MMS,2001,3,2001-03,3.981706989,159.8115861,16.73
US.MMS,2001,4,2001-04,15.95451389,220.5757222,51.96
US.MMS,2001,5,2001-05,18.50956989,235.3306505,105.47
US.MMS,2001,6,2001-06,21.86880556,252.5287167,91.32
US.MMS,2001,7,2001-07,24.31360215,251.8291263,121.56
US.MMS,2001,8,2001-08,24.16551075,237.9902449,77.68
US.MMS,2001,9,2001-09,18.67059722,207.7470347,146.02
US.MMS,2001,10,2001-10,13.44266129,132.2088441,195.41
US.MMS,2001,11,2001-11,11.50627778,100.7546389,91.7
US.MMS,2001,12,2001-12,3.619784946,78.0309879,101.53
US.MMS,2002,1,2002-01,2.61358871,84.95725806,37.39
US.MMS,2002,2,2002-02,2.354910714,129.9670982,82.32
US.MMS,2002,3,2002-03,4.962096774,136.6319758,138.76
US.MMS,2002,4,2002-04,13.55030556,196.2824028,200.07
US.MMS,2002,5,2002-05,16.04299731,218.8733737,250
US.MMS,2002,6,2002-06,23.80429167,267.8420972,136.3
US.MMS,2002,7,2002-07,26.47873656,274.6467473,58.19
US.MMS,2002,8,2002-08,24.88892473,236.4871909,28.62
US.MMS,2002,9,2002-09,22.45745833,193.8649028,112.58
US.MMS,2002,10,2002-10,12.08313172,121.6634677,97.78
US.MMS,2002,11,2002-11,5.247638889,79.17704167,73.07
US.MMS,2002,12,2002-12,1.04655914,69.3361828,77.56
US.MMS,2003,1,2003-01,-4.846464516,86.72260103,35.16
US.MMS,2003,2,2003-02,-2.828165625,94.82433311,95.5
US.MMS,2003,3,2003-03,7.308774731,167.0431596,65.89
US.MMS,2003,4,2003-04,13.32393708,196.390105,88.44
US.MMS,2003,5,2003-05,16.39756989,191.6135465,155.6
US.MMS,2003,6,2003-06,20.08203472,243.6732315,94.69
US.MMS,2003,7,2003-07,23.13793952,253.9550399,222.06
US.MMS,2003,8,2003-08,23.2919086,231.5628673,73.67
US.MMS,2003,9,2003-09,18.08809236,200.2616874,157.98
US.MMS,2003,10,2003-10,13.42036277,151.1368323,70.41
US.MMS,2003,11,2003-11,8.724595556,83.12775537,106.96
US.MMS,2003,12,2003-12,1.600052554,60.61302782,74.12
US.MMS,2004,1,2004-01,-3.387594315,73.86735423,149.47
US.MMS,2004,2,2004-02,0.628096638,119.1460745,21.96
US.MMS,2004,3,2004-03,8.012511347,138.4888103,60.61
US.MMS,2004,4,2004-04,13.42301722,209.3742128,44.84
US.MMS,2004,5,2004-05,19.69449084,228.6941923,197.05
US.MMS,2004,6,2004-06,22.04797222,272.32269,92.31
US.MMS,2004,7,2004-07,22.8278629,234.9047329,130.34
US.MMS,2004,8,2004-08,21.92164216,223.5911163,110.58
US.MMS,2004,9,2004-09,21.22729444,208.5526736,1.59
US.MMS,2004,10,2004-10,14.52191935,119.6569554,119.34
US.MMS,2004,11,2004-11,9.102472938,73.25026341,109.68
US.MMS,2004,12,2004-12,0.947256113,75.08071943,62.95
US.MMS,2005,1,2005-01,0.75030914,67.60653674,231.05
US.MMS,2005,2,2005-02,3.30671131,97.80203869,48.76
US.MMS,2005,3,2005-03,4.487755376,150.3765591,46.56
US.MMS,2005,4,2005-04,14.04259722,197.9948889,65.65
US.MMS,2005,5,2005-05,17.02360215,257.6859409,143.46
US.MMS,2005,6,2005-06,23.88483333,269.1389306,91.78
US.MMS,2005,7,2005-07,24.6402957,256.2954301,116.07
US.MMS,2005,8,2005-08,24.75813172,226.4959409,190.78
US.MMS,2005,9,2005-09,22.01034722,197.6690833,102.62
US.MMS,2005,10,2005-10,14.25538978,136.9434677,42.63
US.MMS,2005,11,2005-11,8.465611111,91.66338889,110.97
US.MMS,2005,12,2005-12,-1.597311828,61.12465054,65.49
US.MMS,2006,1,2006-01,4.426801075,70.91540323,91.7
US.MMS,2006,2,2006-02,0.367782738,129.373244,46.36
US.MMS,2006,3,2006-03,5.511626344,137.4075,161.88
US.MMS,2006,4,2006-04,14.58516667,204.7582639,129.36
US.MMS,2006,5,2006-05,15.96155914,233.0007527,137.01
US.MMS,2006,6,2006-06,20.91523611,255.759306,156.34
US.MMS,2006,7,2006-07,24.2113172,255.6565005,112.47
US.MMS,2006,8,2006-08,23.21930108,219.6119379,98.55
US.MMS,2006,9,2006-09,17.107375,169.0101944,103.93
US.MMS,2006,10,2006-10,11.23498656,131.7620296,133.46
US.MMS,2006,11,2006-11,7.901777778,80.85544444,89.13
US.MMS,2006,12,2006-12,3.971801075,74.11317204,180.63
US.MMS,2007,1,2007-01,0.470510753,77.92481183,148.98
US.MMS,2007,2,2007-02,-5.399925595,114.7077381,85.78
US.MMS,2007,3,2007-03,10.13439516,171.2622446,93.46
US.MMS,2007,4,2007-04,10.90519444,199.4781528,122.83
US.MMS,2007,5,2007-05,19.92104839,262.6857258,38.03
US.MMS,2007,6,2007-06,22.37259722,264.9584722,128.8
US.MMS,2007,7,2007-07,22.5133871,277.5124059,71.21
US.MMS,2007,8,2007-08,25.81591398,246.8064785,19.9
US.MMS,2007,9,2007-09,21.78319444,207.8852639,84.9
US.MMS,2007,10,2007-10,16.28954301,126.1658199,85.31
US.MMS,2007,11,2007-11,6.432972222,103.2136667,44.01
US.MMS,2007,12,2007-12,1.337123656,54.09596811,128.82
US.MMS,2008,1,2008-01,-1.371002299,79.77663441,84.68
US.MMS,2008,2,2008-02,-0.734324713,90.02011494,114.27
US.MMS,2008,3,2008-03,5.121209677,128.4172984,207.54
US.MMS,2008,4,2008-04,12.50505556,205.2725931,80.72
US.MMS,2008,5,2008-05,15.77655914,216.794328,174.48
US.MMS,2008,6,2008-06,22.77427797,272.7202046,494.15
US.MMS,2008,7,2008-07,23.73784946,265.0245054,198.58
US.MMS,2008,8,2008-08,22.98377301,257.5239839,41.06
US.MMS,2008,9,2008-09,20.70736111,189.5272667,53.22
US.MMS,2008,10,2008-10,13.39805108,157.4890874,52.72
US.MMS,2008,11,2008-11,5.907388889,89.06523056,61.37
US.MMS,2008,12,2008-12,-0.532298387,57.20573925,158.49
US.MMS,2009,1,2009-01,-4.179475806,81.23307527,54.09
US.MMS,2009,2,2009-02,1.729434524,119.6975283,62.96
US.MMS,2009,3,2009-03,8.502140749,170.2322014,55.06
US.MMS,2009,4,2009-04,12.45644851,183.7990958,165.84
US.MMS,2009,5,2009-05,18.05182796,237.2145578,177.41
US.MMS,2009,6,2009-06,22.86284591,259.7788419,191.66
US.MMS,2009,7,2009-07,21.19920119,223.6570511,176.64
US.MMS,2009,8,2009-08,22.14695757,241.2897196,68.63
US.MMS,2009,9,2009-09,19.09313889,184.0716431,74.36
US.MMS,2009,10,2009-10,11.05670699,110.7443495,191.53
US.MMS,2009,11,2009-11,9.370097222,96.98577778,31.15
US.MMS,2009,12,2009-12,0.040349462,55.82158065,89.44
US.MMS,2010,1,2010-01,-3.503467742,78.84928226,38.89
US.MMS,2010,2,2010-02,-2.156339286,97.32134524,37.37
US.MMS,2010,3,2010-03,8.189126344,158.1914677,75.95
US.MMS,2010,4,2010-04,16.25990278,224.7011694,95.48
US.MMS,2010,5,2010-05,18.69025538,216.5378683,139.88
US.MMS,2010,6,2010-06,23.92075214,279.1561154,221.46
US.MMS,2010,7,2010-07,25.14823925,266.338922,73.31
US.MMS,2010,8,2010-08,25.67643498,262.860988,10.9
US.MMS,2010,9,2010-09,21.03472722,219.3944154,18.17
US.MMS,2010,10,2010-10,15.10902864,160.7565995,41.38
US.MMS,2010,11,2010-11,7.798889713,96.08497778,148.59
US.MMS,2010,12,2010-12,-2.554341398,59.24266398,40.2
US.MMS,2011,1,2011-01,-3.541626344,76.50741457,40.97
US.MMS,2011,2,2011-02,1.675846374,96.6169595,124.49
US.MMS,2011,3,2011-03,6.568380491,136.600047,115.57
US.MMS,2011,4,2011-04,13.3915853,161.8229733,291.42
US.MMS,2011,5,2011-05,17.26289961,195.2059921,158.18
US.MMS,2011,6,2011-06,22.80249376,252.1307895,169.47
US.MMS,2011,7,2011-07,26.83704301,277.2710747,18.83
US.MMS,2011,8,2011-08,24.19895161,249.930781,34.09
US.MMS,2011,9,2011-09,17.76204167,148.7616069,156.91
US.MMS,2011,10,2011-10,13.73915323,151.4232178,77.51
US.MMS,2011,11,2011-11,9.331928357,80.1936832,146.06
US.MMS,2011,12,2011-12,3.817069892,60.86148879,124
US.MMS,2012,1,2012-01,1.305528063,70.89303864,106.37
US.MMS,2012,2,2012-02,3.488534483,113.6792925,29.24
US.MMS,2012,3,2012-03,13.83475847,177.3898299,82.89
US.MMS,2012,4,2012-04,13.07404167,221.7267316,66.64
US.MMS,2012,5,2012-05,21.03444892,272.5052137,90.69
US.MMS,2012,6,2012-06,23.32952778,295.991437,4.97
US.MMS,2012,7,2012-07,27.49260753,258.2233194,19.33
US.MMS,2012,8,2012-08,23.81627395,244.0803156,92.78
US.MMS,2012,9,2012-09,18.83476389,171.2572512,147.56
US.MMS,2012,10,2012-10,11.86413978,134.7661927,97.56
US.MMS,2012,11,2012-11,6.43355735,111.7144048,41.76
US.MMS,2012,12,2012-12,4.446290323,53.64671631,80.82
US.MMS,2013,1,2013-01,0.325259306,81.9004154,145.79
US.MMS,2013,2,2013-02,-0.031864978,104.1064903,65.12
US.MMS,2013,3,2013-03,2.679217525,137.7017984,55.81
US.MMS,2013,4,2013-04,12.1694907,193.3725742,148.66
US.MMS,2013,5,2013-05,18.40672648,215.4179947,95.33
US.MMS,2013,6,2013-06,21.71189191,240.4571872,148.69
US.MMS,2013,7,2013-07,22.76678587,233.9475003,88.96
US.MMS,2013,8,2013-08,23.27275655,242.0535962,39.43
US.MMS,2013,9,2013-09,20.26556205,200.5854256,102.57
US.MMS,2013,10,2013-10,13.35345509,127.0822887,113.11
US.MMS,2013,11,2013-11,4.918278388,95.95973636,98.04
US.MMS,2013,12,2013-12,0.318811703,64.60201141,168.91
US.MMS,2014,1,2014-01,-4.564934858,83.79085121,72.78
US.MMS,2014,2,2014-02,-3.365558626,126.0592666,60.1
US.MMS,2014,3,2014-03,3.346578346,171.7149848,54.52
US.MMS,2014,4,2014-04,13.13612764,205.7206407,183.14
US.MMS,2014,5,2014-05,18.2440725,241.1596697,85.34
US.MMS,2014,6,2014-06,22.82046296,242.2904458,122.01
US.MMS,2014,7,2014-07,21.54565076,248.9440215,89.01
US.MMS,2014,8,2014-08,23.20734096,196.1549179,122.71
US.MMS,2014,9,2014-09,19.18220719,191.5839666,115.18
US.MMS,2014,10,2014-10,12.75758758,114.9156669,118.91
US.MMS,2014,11,2014-11,2.995624516,81.7388684,63.45
US.MMS,2014,12,2014-12,1.333523322,48.35182325,94.68
US.MMS,2015,1,2015-01,-1.720449551,86.07158684,43.53
US.MMS,2015,2,2015-02,-5.695504361,123.3932651,33.07
US.MMS,2015,3,2015-03,4.665978435,153.4849039,122.88
US.MMS,2015,4,2015-04,13.06560184,196.5079862,168.8
US.MMS,2015,5,2015-05,18.86728988,227.50124,61.97
US.MMS,2015,6,2015-06,21.6269156,221.9728468,210.81
US.MMS,2015,7,2015-07,23.00286112,229.7748805,143.57
US.MMS,2015,8,2015-08,21.95990907,235.2062461,73.25
US.MMS,2015,9,2015-09,20.82421203,199.5620697,43.24
US.MMS,2015,10,2015-10,13.77419534,144.0629921,69
US.MMS,2015,11,2015-11,9.759100439,97.39936159,100.38
US.MMS,2015,12,2015-12,6.468873124,52.28479063,138.42
US.MMS,2016,1,2016-01,-1.528358059,85.40603515,40.59
US.MMS,2016,2,2016-02,1.497822692,126.319895,97.53
US.MMS,2016,3,2016-03,9.620696451,141.745767,110.8
US.MMS,2016,4,2016-04,12.71267061,202.7253325,140.1
US.MMS,2016,5,2016-05,16.38222711,211.8330855,93.67
US.MMS,2016,6,2016-06,23.13675418,275.2874561,106.97
US.MMS,2016,7,2016-07,23.67292622,229.8142307,198.65
US.MMS,2016,8,2016-08,24.14317385,209.5318658,194.74
US.MMS,2016,9,2016-09,21.43523681,200.0719486,121.43
US.MMS,2016,10,2016-10,15.75233447,145.4379174,80.67
US.MMS,2016,11,2016-11,9.794391439,106.0188809,77.21
US.MMS,2016,12,2016-12,-0.591340571,60.4830385,55.46
US.MMS,2017,1,2017-01,1.845436381,53.53992009,98.58
US.MMS,2017,2,2017-02,6.522617059,116.2339669,19.45
US.MMS,2017,3,2017-03,6.555160078,151.6487829,140.75
US.MMS,2017,4,2017-04,15.44841156,198.2216218,117.33
US.MMS,2017,5,2017-05,16.93951292,231.2315977,224.21
US.MMS,2017,6,2017-06,22.12538188,288.7864145,94.71
US.MMS,2017,7,2017-07,23.75489826,257.7859872,170.92
US.MMS,2017,8,2017-08,21.81997402,240.6397946,24.65
US.MMS,2017,9,2017-09,20.20333039,208.6389101,33.86
US.MMS,2017,10,2017-10,14.10672855,118.6225971,118.52
US.MMS,2017,11,2017-11,6.90806921,95.56225989,134.13
US.MMS,2017,12,2017-12,-0.570926473,76.26316725,35.3
US.NR1,1999,1,1999-01,-6.869711022,67.17395993,88.46
US.NR1,1999,2,1999-02,-5.974635417,118.3611926,42.61
US.NR1,1999,3,1999-03,-2.278111559,173.3684204,57.85
US.NR1,1999,4,1999-04,-3.290284722,148.8905655,195.67
US.NR1,1999,5,1999-05,3.062956989,211.5157994,125.08
US.NR1,1999,6,1999-06,8.855784722,233.2004001,50.19
US.NR1,1999,7,1999-07,13.55135081,226.74984,103.99
US.NR1,1999,8,1999-08,11.86552419,192.4125384,147.53
US.NR1,1999,9,1999-09,6.561729167,182.0411376,49.32
US.NR1,1999,10,1999-10,5.063649194,161.7593766,34.53
US.NR1,1999,11,1999-11,2.342965278,119.2157407,27.22
US.NR1,1999,12,1999-12,-5.661129032,89.98508705,54.18
US.NR1,2000,1,2000-01,-6.224200269,89.83320533,104.27
US.NR1,2000,2,2000-02,-3.702729885,126.4453339,83.31
US.NR1,2000,3,2000-03,-3.774455645,171.8684396,83.79
US.NR1,2000,4,2000-04,1.491416667,213.3746693,88.29
US.NR1,2000,5,2000-05,7.063017473,254.4661418,57.4
US.NR1,2000,6,2000-06,10.02536806,263.1769511,50.67
US.NR1,2000,7,2000-07,14.63444892,253.093478,35.89
US.NR1,2000,8,2000-08,13.94586694,198.9273874,62.65
US.NR1,2000,9,2000-09,9.031909722,194.9672952,61.12
US.NR1,2000,10,2000-10,2.996512097,151.4618214,11.76
US.NR1,2000,11,2000-11,-7.141305556,110.3493379,50.76
US.NR1,2000,12,2000-12,-6.833185484,75.91656727,71.22
US.NR1,2001,1,2001-01,-6.673299731,98.09939849,16.29
US.NR1,2001,2,2001-02,-5.865580357,133.8675593,49.15
US.NR1,2001,3,2001-03,-4.20452957,149.0697963,114.09
US.NR1,2001,4,2001-04,0.886868056,200.0184521,102.5
US.NR1,2001,5,2001-05,5.086202957,225.4134976,89.89
US.NR1,2001,6,2001-06,11.36901389,266.8041341,23.32
US.NR1,2001,7,2001-07,14.54578629,235.7720494,84.35
US.NR1,2001,8,2001-08,12.56353495,187.1773881,102.18
US.NR1,2001,9,2001-09,9.796652778,197.105953,53.53
US.NR1,2001,10,2001-10,3.442943548,142.8960896,34.96
US.NR1,2001,11,2001-11,-0.561729167,109.1005293,43.42
US.NR1,2001,12,2001-12,-6.593676075,87.63924121,39.66
US.NR1,2002,1,2002-01,-7.487600806,95.00047949,51.06
US.NR1,2002,2,2002-02,-6.913340774,136.5144908,37.73
US.NR1,2002,3,2002-03,-5.929307796,176.3166926,62.56
US.NR1,2002,4,2002-04,1.905020833,223.5189149,23.36
US.NR1,2002,5,2002-05,4.51546371,228.0521957,82.11
US.NR1,2002,6,2002-06,12.75418056,260.3385252,19.12
US.NR1,2002,7,2002-07,15.26189516,254.526177,45.41
US.NR1,2002,8,2002-08,12.47824597,207.351158,53.42
US.NR1,2002,9,2002-09,8.440354167,181.1623346,74.23
US.NR1,2002,10,2002-10,0.603575269,146.1449049,54.25
US.NR1,2002,11,2002-11,-3.289416667,110.5337915,76.75
US.NR1,2002,12,2002-12,-6.279071909,91.03398407,21.62
US.NR1,2003,1,2003-01,-3.456571909,91.89520884,28.24
US.NR1,2003,2,2003-02,-8.625490327,103.2693285,92.84
US.NR1,2003,3,2003-03,-3.91327621,165.0130477,219.4
US.NR1,2003,4,2003-04,0.499865278,212.6858785,73.49
US.NR1,2003,5,2003-05,5.058870968,239.6208665,56.03
US.NR1,2003,6,2003-06,7.621813889,225.7531501,50.88
US.NR1,2003,7,2003-07,16.14230511,251.7854036,53.12
US.NR1,2003,8,2003-08,13.45297715,203.1041218,79.29
US.NR1,2003,9,2003-09,7.400361111,188.6999775,36.55
US.NR1,2003,10,2003-10,5.583646505,150.3933972,12.86
US.NR1,2003,11,2003-11,-4.249424306,97.06787525,64.29
US.NR1,2003,12,2003-12,-4.687456317,87.09537629,36.5
US.NR1,2004,1,2004-01,-6.284607527,89.80476781,39.88
US.NR1,2004,2,2004-02,-7.756618534,121.5662898,62.91
US.NR1,2004,3,2004-03,-0.429758737,190.8887498,49.32
US.NR1,2004,4,2004-04,-0.610227778,180.8776111,188.43
US.NR1,2004,5,2004-05,5.654043011,243.3840572,58.39
US.NR1,2004,6,2004-06,8.442172917,229.9707783,102.32
US.NR1,2004,7,2004-07,11.98170699,226.349475,108.34
US.NR1,2004,8,2004-08,10.23437769,203.7626265,74.17
US.NR1,2004,9,2004-09,7.829282639,178.1639901,54.56
US.NR1,2004,10,2004-10,2.226084005,134.4171267,67.68
US.NR1,2004,11,2004-11,-3.375547917,95.89266011,81.33
US.NR1,2004,12,2004-12,-5.162700941,85.10409421,47.3
US.NR1,2005,1,2005-01,-3.908043011,93.84543392,72.06
US.NR1,2005,2,2005-02,-5.212981399,136.6887765,37.49
US.NR1,2005,3,2005-03,-5.333015457,170.4066085,73.09
US.NR1,2005,4,2005-04,-0.271123611,215.7561791,158.8
US.NR1,2005,5,2005-05,4.469885753,248.89943,93.04
US.NR1,2005,6,2005-06,9.150579861,265.3970234,64.06
US.NR1,2005,7,2005-07,15.06493952,266.9770476,34.85
US.NR1,2005,8,2005-08,11.67106183,218.0588768,57.29
US.NR1,2005,9,2005-09,10.05918681,202.3738287,32.02
US.NR1,2005,10,2005-10,3.853244624,152.714425,65.43
US.NR1,2005,11,2005-11,-1.900334028,105.8884257,80.42
US.NR1,2005,12,2005-12,-7.499737903,75.68179491,93.02
US.NR1,2006,1,2006-01,-6.05631922,98.81897389,64.57
US.NR1,2006,2,2006-02,-7.763389137,142.0982393,46.6
US.NR1,2006,3,2006-03,-4.721674059,167.1882566,85.8
US.NR1,2006,4,2006-04,2.172384722,239.7513981,50.4
US.NR1,2006,5,2006-05,6.08290121,241.1346339,49.33
US.NR1,2006,6,2006-06,12.30202083,271.6145321,10.69
US.NR1,2006,7,2006-07,14.12238575,219.6795196,123.14
US.NR1,2006,8,2006-08,12.02195565,183.5225939,40.33
US.NR1,2006,9,2006-09,5.576798611,183.1224901,57.92
US.NR1,2006,10,2006-10,1.561142473,128.1666179,103.93
US.NR1,2006,11,2006-11,-2.089585417,104.7789872,48.23
US.NR1,2006,12,2006-12,-5.604210349,81.53825256,103.96
US.NR1,2007,1,2007-01,-7.691354839,92.64393821,49.58
US.NR1,2007,2,2007-02,-6.20296875,119.9783562,64.21
US.NR1,2007,3,2007-03,-1.098880376,169.5081066,77.01
US.NR1,2007,4,2007-04,-0.489611111,192.0547364,100.25
US.NR1,2007,5,2007-05,4.554528898,218.796603,80.16
US.NR1,2007,6,2007-06,11.02456042,251.687487,16.44
US.NR1,2007,7,2007-07,14.31414651,220.04835,69.31
US.NR1,2007,8,2007-08,13.87543683,205.4938455,65.23
US.NR1,2007,9,2007-09,9.057504861,182.683323,47.99
US.NR1,2007,10,2007-10,4.032934812,156.4455263,38.17
US.NR1,2007,11,2007-11,-0.623819444,104.9344299,15.72
US.NR1,2007,12,2007-12,-8.979166667,70.45739175,88.21
US.NR1,2008,1,2008-01,-9.333022177,89.04948568,69.11
US.NR1,2008,2,2008-02,-7.394107759,117.9987394,70.54
US.NR1,2008,3,2008-03,-5.927626344,163.0139859,67.45
US.NR1,2008,4,2008-04,-1.886575,223.9452643,72.81
US.NR1,2008,5,2008-05,3.014096102,226.7919765,88.11
US.NR1,2008,6,2008-06,9.402621528,272.1987222,30.3
US.NR1,2008,7,2008-07,14.49161962,242.2538924,26.86
US.NR1,2008,8,2008-08,12.15711358,203.9242942,115.69
US.NR1,2008,9,2008-09,7.762729861,195.3595397,48.66
US.NR1,2008,10,2008-10,3.602945565,146.73857,27.28
US.NR1,2008,11,2008-11,-1.281021528,97.94985324,31.35
US.NR1,2008,12,2008-12,-7.639209005,76.38900986,74.21
US.NR1,2009,1,2009-01,-5.446791667,92.93172608,91.19
US.NR1,2009,2,2009-02,-5.449732887,129.1053174,37.15
US.NR1,2009,3,2009-03,-3.250989247,171.1687896,61.59
US.NR1,2009,4,2009-04,-0.944279167,198.5781083,172.33
US.NR1,2009,5,2009-05,5.000017473,216.768855,76.65
US.NR1,2009,6,2009-06,8.379874306,236.4824661,78.68
US.NR1,2009,7,2009-07,12.45097446,226.9407131,46.61
US.NR1,2009,8,2009-08,12.24240591,232.2038383,15.07
US.NR1,2009,9,2009-09,8.22826875,165.2130856,38.55
US.NR1,2009,10,2009-10,-0.807759409,137.343017,98.62
US.NR1,2009,11,2009-11,0.0374375,114.1140812,25.08
US.NR1,2009,12,2009-12,-10.35567204,71.84518351,58
US.NR1,2010,1,2010-01,-5.63802957,93.15964153,30.57
US.NR1,2010,2,2010-02,-8.967298363,102.9116986,44.03
US.NR1,2010,3,2010-03,-3.626067876,171.3119452,101.76
US.NR1,2010,4,2010-04,-1.127609028,194.2773457,110.96
US.NR1,2010,5,2010-05,2.419980511,233.6357226,96.07
US.NR1,2010,6,2010-06,10.98766597,245.4504811,64.79
US.NR1,2010,7,2010-07,13.40737231,238.5438219,57.33
US.NR1,2010,8,2010-08,12.78112231,226.4647867,51.76
US.NR1,2010,9,2010-09,11.4308125,229.1364118,7.76
US.NR1,2010,10,2010-10,3.58928293,135.5781881,88.64
US.NR1,2010,11,2010-11,-4.098045139,101.3421692,54.53
US.NR1,2010,12,2010-12,-4.477379032,69.28355004,90.55
US.NR1,2011,1,2011-01,-7.975483871,87.03370991,69.77
US.NR1,2011,2,2011-02,-8.886323661,117.477863,80.49
US.NR1,2011,3,2011-03,-3.241321237,168.2866655,96.7
US.NR1,2011,4,2011-04,-2.088756944,208.0534178,152.12
US.NR1,2011,5,2011-05,1.893824597,228.3653936,139.23
US.NR1,2011,6,2011-06,10.54127917,287.4831072,41.96
US.NR1,2011,7,2011-07,14.18694892,250.3016573,92.31
US.NR1,2011,8,2011-08,14.49755376,235.3713312,41.49
US.NR1,2011,9,2011-09,8.475594444,184.9711291,46.47
US.NR1,2011,10,2011-10,2.838454973,143.075121,60.26
US.NR1,2011,11,2011-11,-3.071625,106.0906818,49.21
US.NR1,2011,12,2011-12,-6.34205578,82.74255871,54.96
US.NR1,2012,1,2012-01,-5.246214382,93.16073335,55.96
US.NR1,2012,2,2012-02,-8.112086925,119.0751466,80.78
US.NR1,2012,3,2012-03,0.165803763,198.7093692,12.67
US.NR1,2012,4,2012-04,2.358501389,228.3365625,52.82
US.NR1,2012,5,2012-05,5.509075269,232.1447817,59.03
US.NR1,2012,6,2012-06,13.85947222,275.6378661,9.01
US.NR1,2012,7,2012-07,14.00481183,202.0859763,189.49
US.NR1,2012,8,2012-08,13.37056452,211.8075113,33.95
US.NR1,2012,9,2012-09,9.169683333,184.4815516,58.38
US.NR1,2012,10,2012-10,2.027052419,147.6637179,43.99
US.NR1,2012,11,2012-11,0.219549306,100.6138142,9.35
US.NR1,2012,12,2012-12,-7.118971774,72.00063395,76.18
US.NR1,2013,1,2013-01,-6.612309812,100.6477121,19.56
US.NR1,2013,2,2013-02,-8.443803571,119.1629786,46.61
US.NR1,2013,3,2013-03,-4.227646505,164.6516867,86.06
US.NR1,2013,4,2013-04,-3.524341667,194.2256699,156.61
US.NR1,2013,5,2013-05,3.948168011,238.5155281,102.94
US.NR1,2013,6,2013-06,12.09359097,266.1205975,17.31
US.NR1,2013,7,2013-07,13.11153226,217.9667657,96.01
US.NR1,2013,8,2013-08,13.04486559,190.3960078,78.86
US.NR1,2013,9,2013-09,9.356975694,150.1698435,257.27
US.NR1,2013,10,2013-10,1.077192204,142.2441729,52.36
US.NR1,2013,11,2013-11,-2.180170139,100.2549062,40.04
US.NR1,2013,12,2013-12,-7.834027554,78.10275862,47.44
US.NR1,2014,1,2014-01,-7.346733871,83.64343087,106.6
US.NR1,2014,2,2014-02,-7.179795387,95.94772239,133.03
US.NR1,2014,3,2014-03,-3.596570565,168.2987724,87.24
US.NR1,2014,4,2014-04,-0.955850694,216.7876107,71.98
US.NR1,2014,5,2014-05,4.197288978,209.9757305,125.17
US.NR1,2014,6,2014-06,10.13428611,276.6839737,16.42
US.NR1,2014,7,2014-07,12.83990591,205.2904218,88.61
US.NR1,2014,8,2014-08,11.17553763,211.8092242,61.98
US.NR1,2014,9,2014-09,9.454683333,182.9762565,41.31
US.NR1,2014,10,2014-10,4.651639785,147.2411845,45.94
US.NR1,2014,11,2014-11,-4.038795833,94.18113121,74.54
US.NR1,2014,12,2014-12,-5.54002621,73.76346409,65.32
US.UMB,2000,1,2000-01,-7.334598118,60.32971006,44.11
US.UMB,2000,2,2000-02,-3.081153736,91.75375889,31.71
US.UMB,2000,3,2000-03,2.261344086,141.9253862,29.13
US.UMB,2000,4,2000-04,4.969331944,199.9290148,31.3
US.UMB,2000,5,2000-05,12.6355914,248.6266694,64.1
US.UMB,2000,6,2000-06,15.84503611,248.0912679,65.67
US.UMB,2000,7,2000-07,18.5219543,266.0260785,37.32
US.UMB,2000,8,2000-08,18.30272849,212.9404168,66.95
US.UMB,2000,9,2000-09,14.11084306,157.4271758,63.39
US.UMB,2000,10,2000-10,9.963844086,102.4420828,25.96
US.UMB,2000,11,2000-11,2.15235,46.28600607,73.33
US.UMB,2000,12,2000-12,-8.063264785,46.47147907,46.3
US.UMB,2001,1,2001-01,-4.54621371,51.79088833,39.51
US.UMB,2001,2,2001-02,-6.748004464,84.03798288,49.62
US.UMB,2001,3,2001-03,-2.316797043,151.3499144,13.92
US.UMB,2001,4,2001-04,6.492140278,177.3182069,61.15
US.UMB,2001,5,2001-05,13.19123656,218.8577875,83.9
US.UMB,2001,6,2001-06,17.96381806,250.000121,65.97
US.UMB,2001,7,2001-07,18.90590188,250.5710796,41.28
US.UMB,2001,8,2001-08,20.18272715,192.7085755,113.41
US.UMB,2001,9,2001-09,13.99972778,129.7663958,134.29
US.UMB,2001,10,2001-10,8.299987903,85.82202589,138.53
US.UMB,2001,11,2001-11,5.895027778,45.61747226,59.98
US.UMB,2001,12,2001-12,-0.159380376,35.33323212,64.3
US.UMB,2002,1,2002-01,-2.88759543,51.07113147,20.89
US.UMB,2002,2,2002-02,-3.673287202,85.37631962,58.27
US.UMB,2002,3,2002-03,-4.084481183,142.6181964,79.42
US.UMB,2002,4,2002-04,4.7756375,177.361334,84.82
US.UMB,2002,5,2002-05,8.433782258,198.9121772,121.51
US.UMB,2002,6,2002-06,17.82639306,217.5638775,110.27
US.UMB,2002,7,2002-07,21.75173387,256.5854087,87.98
US.UMB,2002,8,2002-08,19.48976075,211.1085906,158.56
US.UMB,2002,9,2002-09,17.448725,148.984288,44.75
US.UMB,2002,10,2002-10,5.591208333,69.16224481,94.9
US.UMB,2002,11,2002-11,0.092111111,43.71601169,23.32
US.UMB,2002,12,2002-12,-2.833576613,33.92199446,26.14
US.UMB,2003,1,2003-01,-8.476221774,51.8274553,17.2
US.UMB,2003,2,2003-02,-9.603613095,101.998632,33.52
US.UMB,2003,3,2003-03,-2.609560484,137.1622217,60.93
US.UMB,2003,4,2003-04,5.598697222,168.9169406,81.25
US.UMB,2003,5,2003-05,11.49190323,192.7696323,50.17
US.UMB,2003,6,2003-06,16.8573,239.4471614,46.51
US.UMB,2003,7,2003-07,19.50390323,244.3870552,127.82
US.UMB,2003,8,2003-08,20.08428091,224.8198839,67.62
US.UMB,2003,9,2003-09,15.16623611,149.7951937,85.81
US.UMB,2003,10,2003-10,7.875344086,86.67369752,92.04
US.UMB,2003,11,2003-11,2.706925,40.91929116,119.08
US.UMB,2003,12,2003-12,-1.382521505,49.38968413,46.42
US.UMB,2004,1,2004-01,-10.65171371,69.73983295,75.5
US.UMB,2004,2,2004-02,-4.189538793,113.2923652,41.94
US.UMB,2004,3,2004-03,0.257352151,155.6247065,76.82
US.UMB,2004,4,2004-04,4.542280556,199.6119128,50.82
US.UMB,2004,5,2004-05,10.25079839,193.0314619,103.29
US.UMB,2004,6,2004-06,15.72840278,286.2119977,54.71
US.UMB,2004,7,2004-07,18.39237903,245.535256,52.81
US.UMB,2004,8,2004-08,16.87337903,209.6800504,78.57
US.UMB,2004,9,2004-09,17.86148889,187.580582,26.01
US.UMB,2004,10,2004-10,9.027978495,91.16975614,114.86
US.UMB,2004,11,2004-11,3.392134722,57.69114682,77.64
US.UMB,2004,12,2004-12,-4.618319892,40.35197421,94.07
US.UMB,2005,1,2005-01,-8.491728495,61.34359013,53.06
US.UMB,2005,2,2005-02,-3.967675595,80.47957245,48.53
US.UMB,2005,3,2005-03,-2.64534543,213.1611785,30.41
US.UMB,2005,4,2005-04,6.783326389,240.5182037,38.38
US.UMB,2005,5,2005-05,10.94325806,225.1801631,50.71
US.UMB,2005,6,2005-06,20.25411667,243.7323072,43.97
US.UMB,2005,7,2005-07,21.48207124,248.1391842,59.21
US.UMB,2005,8,2005-08,19.97227688,191.7722957,133.96
US.UMB,2005,9,2005-09,17.65093194,158.6558728,60.46
US.UMB,2005,10,2005-10,10.56295699,103.7877024,33.28
US.UMB,2005,11,2005-11,2.8901625,45.44430796,127.77
US.UMB,2005,12,2005-12,-4.189255376,38.73693128,62.4
US.UMB,2006,1,2006-01,-1.735125,47.35342166,110.69
US.UMB,2006,2,2006-02,-5.642139881,92.51130527,57.3
US.UMB,2006,3,2006-03,-0.037098118,177.8637558,21.63
US.UMB,2006,4,2006-04,7.800661111,217.6770489,53.27
US.UMB,2006,5,2006-05,12.97496237,218.8372427,95.94
US.UMB,2006,6,2006-06,17.90838889,285.102664,20.86
US.UMB,2006,7,2006-07,21.83088172,266.6818568,51.58
US.UMB,2006,8,2006-08,19.30669758,230.1456698,71.26
US.UMB,2006,9,2006-09,14.24958056,151.6864663,94.46
US.UMB,2006,10,2006-10,6.914858871,96.02806477,160.31
US.UMB,2006,11,2006-11,3.690565278,46.98657672,47.95
US.UMB,2006,12,2006-12,-0.134293011,35.16833073,77.13
US.UMB,2007,1,2007-01,-4.61759543,57.70818683,53.5
US.UMB,2007,2,2007-02,-8.949989583,108.6001007,19.21
US.UMB,2007,3,2007-03,0.255649194,162.1378009,58.34
US.UMB,2007,4,2007-04,4.7591,205.1292513,66.02
US.UMB,2007,5,2007-05,13.97792742,279.1703715,52.93
US.UMB,2007,6,2007-06,19.47261806,295.0804733,57.25
US.UMB,2007,7,2007-07,19.69555914,264.6715197,71.09
US.UMB,2007,8,2007-08,19.93587366,229.0965934,43.46
US.UMB,2007,9,2007-09,16.60794167,155.4179927,94.71
US.UMB,2007,10,2007-10,12.01921909,97.06368119,103.32
US.UMB,2007,11,2007-11,1.682275,48.87042146,57.24
US.UMB,2007,12,2007-12,-3.456119624,41.07762672,56.15
US.UMB,2008,1,2008-01,-4.750446237,47.46984767,97.64
US.UMB,2008,2,2008-02,-7.415145115,96.22341133,37.79
US.UMB,2008,3,2008-03,-3.748084677,165.2511303,23.3
US.UMB,2008,4,2008-04,7.240427778,210.9763075,113.94
US.UMB,2008,5,2008-05,9.641860215,229.7917062,103.18
US.UMB,2008,6,2008-06,17.0485125,225.1458115,109.18
US.UMB,2008,7,2008-07,19.21086022,233.3279799,88.65
US.UMB,2008,8,2008-08,19.22029435,239.4092031,46.65
US.UMB,2008,9,2008-09,15.30630694,150.9911634,56.76
US.UMB,2008,10,2008-10,8.402930108,98.7230754,58.57
US.UMB,2008,11,2008-11,2.418729167,49.83948743,66.85
US.UMB,2008,12,2008-12,-5.798092742,34.53473886,103.03
US.UMB,2009,1,2009-01,-9.67552957,66.04178913,30.49
US.UMB,2009,2,2009-02,-5.588022321,106.4359279,56.1
US.UMB,2009,3,2009-03,-1.465215054,164.9958637,34.07
US.UMB,2009,4,2009-04,4.802125,196.1935627,36.2
US.UMB,2009,5,2009-05,10.97012769,249.8364426,60.72
US.UMB,2009,6,2009-06,16.41386944,258.2418331,61.43
US.UMB,2009,7,2009-07,16.86490188,231.6069624,48.45
US.UMB,2009,8,2009-08,18.01922043,196.2370408,173.35
US.UMB,2009,9,2009-09,16.30900417,180.8937677,49.89
US.UMB,2009,10,2009-10,6.528866935,68.29517328,187.22
US.UMB,2009,11,2009-11,5.518556944,55.75026163,36.39
US.UMB,2009,12,2009-12,-4.178219086,39.69208422,72.45
US.UMB,2010,1,2010-01,-5.832973118,53.08406871,11.95
US.UMB,2010,2,2010-02,-4.967770833,98.91535729,20.26
US.UMB,2010,3,2010-03,3.519771505,185.1277861,0.68
US.UMB,2010,4,2010-04,9.198601389,214.4081445,36.01
US.UMB,2010,5,2010-05,14.7750578,270.079068,56.5
US.UMB,2010,6,2010-06,16.40002778,210.9003354,232.71
US.UMB,2010,7,2010-07,21.2617836,251.3950814,34.67
US.UMB,2010,8,2010-08,21.23873656,210.2142818,140.48
US.UMB,2010,9,2010-09,13.77435417,139.8389939,154.92
US.UMB,2010,10,2010-10,9.881194892,117.8734695,36.7
US.UMB,2010,11,2010-11,3.587436111,54.65331456,47.74
US.UMB,2010,12,2010-12,-4.327278226,41.86540876,31.04
US.UMB,2011,1,2011-01,-8.85561828,58.73195469,42.94
US.UMB,2011,2,2011-02,-5.486657738,96.40451956,6.06
US.UMB,2011,3,2011-03,-2.330516129,154.0261098,27.43
US.UMB,2011,4,2011-04,4.675525,199.7660337,163.07
US.UMB,2011,5,2011-05,11.34233065,236.9221146,65.2
US.UMB,2011,6,2011-06,16.92562639,244.3236989,142.01
US.UMB,2011,7,2011-07,22.35986022,267.8286758,60.6
US.UMB,2011,8,2011-08,20.31348925,218.3479888,67.98
US.UMB,2011,9,2011-09,15.04571806,162.7076501,126.8
US.UMB,2011,10,2011-10,10.60780914,110.684021,82.58
US.UMB,2011,11,2011-11,4.764073611,51.51698413,94.05
US.UMB,2011,12,2011-12,-1.327716398,32.47885049,28.78
US.UMB,2012,1,2012-01,-3.768711022,45.26342215,61.63
US.UMB,2012,2,2012-02,-1.976449713,76.97547474,9.17
US.UMB,2012,3,2012-03,6.224267473,129.1526873,72.91
US.UMB,2012,4,2012-04,5.911029167,209.176337,52.04
US.UMB,2012,5,2012-05,14.20000134,250.6720472,58.37
US.UMB,2012,6,2012-06,19.21411389,262.5009609,126.17
US.UMB,2012,7,2012-07,22.42467608,253.6582763,88.84
US.UMB,2012,8,2012-08,20.49597581,218.3276163,38.84
US.UMB,2012,9,2012-09,15.20196528,162.5989328,82.15
US.UMB,2012,10,2012-10,8.937959677,78.5811581,161.39
US.UMB,2012,11,2012-11,2.756723611,46.28798016,27.88
US.UMB,2012,12,2012-12,-0.692873656,33.87228565,60.17
US.UMB,2013,1,2013-01,-4.722395161,37.34535125,75.23
US.UMB,2013,2,2013-02,-6.167026786,63.82115987,61.12
US.UMB,2013,3,2013-03,-2.149397849,122.9965847,84.06
US.UMB,2013,4,2013-04,3.050433333,130.5608923,85.34
US.UMB,2013,5,2013-05,13.07278898,230.9716419,94.04
US.UMB,2013,6,2013-06,17.38121528,238.0986099,30.32
US.UMB,2013,7,2013-07,20.88054839,256.5325632,81.17
US.UMB,2013,8,2013-08,20.09329301,223.8771642,47
US.UMB,2013,9,2013-09,15.08948611,173.1774241,70.14
US.UMB,2013,10,2013-10,9.286913978,96.30178169,171.27
US.UMB,2013,11,2013-11,1.239645833,43.6810415,141.42
US.UMB,2013,12,2013-12,-7.815680108,29.37904442,59.74
US.UMB,2014,1,2014-01,-10.18369624,40.00677437,59.39
US.UMB,2014,2,2014-02,-10.58935714,79.71855159,27.97
US.UMB,2014,3,2014-03,-6.493385753,140.0534118,27.41
US.UMB,2014,4,2014-04,3.312183333,148.8740151,103.18
US.UMB,2014,5,2014-05,13.96419624,194.3735411,77.29
US.UMB,2014,6,2014-06,18.12027222,243.8650851,61.75
US.UMB,2014,7,2014-07,17.8002621,235.620958,63.1
US.UMB,2014,8,2014-08,18.49928495,188.3850136,78.66
US.UMB,2014,9,2014-09,14.81395694,153.6970672,150.54
US.UMB,2014,10,2014-10,8.195526882,68.77585052,164.36
US.UMB,2014,11,2014-11,-0.661722222,35.80606812,145.82
US.UMB,2014,12,2014-12,-2.329174731,29.95960958,46.07
